-- phpMyAdmin SQL Dump
-- version 5.2.0
-- https://www.phpmyadmin.net/
--
-- Host: 127.0.0.1
-- Generation Time: May 24, 2024 at 08:28 AM
-- Server version: 10.4.27-MariaDB
-- PHP Version: 7.4.33

SET SQL_MODE = "NO_AUTO_VALUE_ON_ZERO";
START TRANSACTION;
SET time_zone = "+00:00";


/*!40101 SET @OLD_CHARACTER_SET_CLIENT=@@CHARACTER_SET_CLIENT */;
/*!40101 SET @OLD_CHARACTER_SET_RESULTS=@@CHARACTER_SET_RESULTS */;
/*!40101 SET @OLD_COLLATION_CONNECTION=@@COLLATION_CONNECTION */;
/*!40101 SET NAMES utf8mb4 */;

--
-- Database: `work`
--

-- --------------------------------------------------------

--
-- Table structure for table `letter_table`
--

CREATE TABLE `letter_table` (
  `rec_id` int(11) NOT NULL,
  `int_out_date` date NOT NULL,
  `letter_number` varchar(200) NOT NULL,
  `letter_title` varchar(3000) NOT NULL,
  `type_id` int(11) DEFAULT 0,
  `letter_date` date DEFAULT NULL,
  `dep_person` varchar(400) NOT NULL,
  `filename` varchar(200) NOT NULL,
  `remarks` varchar(1200) DEFAULT NULL,
  `entry_by` int(11) NOT NULL DEFAULT 0,
  `file_type` int(22) NOT NULL DEFAULT 0
) ENGINE=InnoDB DEFAULT CHARSET=utf8mb4 COLLATE=utf8mb4_general_ci;

--
-- Dumping data for table `letter_table`
--

INSERT INTO `letter_table` (`rec_id`, `int_out_date`, `letter_number`, `letter_title`, `type_id`, `letter_date`, `dep_person`, `filename`, `remarks`, `entry_by`, `file_type`) VALUES
(1, '2022-11-04', 'မရှိ', '(၇၅)နှစ်မြောက်လွတ်လပ်ရေးနေ့ ပြိုင်ပွဲစီမံချက်(မူကြမ်း) ပေးပို့လမ်းညွှန်မှု ခံယူခြင်း', 2, '2022-11-04', 'ပြည်ထောင်စုဝန်ကြီးရုံး', '', '', 1, 0),
(2, '2022-12-08', '၀၀၁/၀၈၁၂၂၀၂၂/MEF/ID-C', '(၇၅)နှစ်မြောက်လွတ်လပ်ရေးနေ့ ပြိုင်ပွဲစီမံချက်ပေးပို့ခြင်း', 2, '2022-12-08', 'ပြည်ထောင်စုဝန်ကြီးရုံး', '', '', 1, 0),
(3, '2023-01-16', '၀၀၂/၁၃၀၁၂၀၂၃/MEF/UD-C', '(၇၆)နှစ်မြောက် ပြည်ထောင်စုနေ့ပြိုင်ပွဲစီမံချက်ပေးပို့ခြင်း', 2, '2023-01-16', 'ပြည်ထောင်စုဝန်ကြီးရုံး', '', '', 1, 0),
(4, '2023-01-16', '၀၀၄/၁၃၀၁၂၀၂၃/MEF/UD-C', '(၇၅)နှစ်မြောက်လွတ်လပ်ရေးနေ့ ပြိုင်ပွဲအစီရင်ခံစာ', 2, '2023-01-16', 'ပြည်ထောင်စုဝန်ကြီးရုံး', '', '', 1, 0),
(5, '2023-01-23', '၀၀၅/၂၃၀၁၂၀၂၃/ MEF', 'Black List နာမည်ပျက်စာရင်းပေးပို့ခြင်း', 2, '2023-01-23', 'ပြည်ထောင်စုဝန်ကြီးရုံး', '', '', 1, 0),
(6, '2023-01-23', 'မရှိ', 'ခွင့်ပြုချက်မဲ့ဆောက်လုပ်ခြင်းအား တားမြစ်ပေးရန်ကိစ္စ', 2, '2023-01-23', 'ပြည်ထောင်စုဝန်ကြီးရုံး', '', '', 1, 0),
(7, '2023-02-06', '၀၀၆/၀၆၀၂၂၀၂၃/ MEF', 'မြေတိုင်းတာကာရံခြင်းအား တားမြစ်ပေးပါရန်', 2, '2023-02-06', 'ညွှန်ချုပ်(အား/ကာ)', '', '', 1, 0),
(8, '2023-03-07', 'မရှိ', 'မြောက်ဒဂုံမြင်းကွင်း ဖွံ့ဖြိုးတိုးတက်ရေးကော်မတီဖွဲ့စည်း', 2, '2023-03-07', 'ရုံးလက်ခံ', '', '', 1, 0),
(9, '2023-03-08', 'မရှိ', 'လွှဲပြောင်းပေးမှုနှောင့်နှေးကြန့်ကြာနေခြင်းကိစ္စ သိသာရန်', 2, '2023-03-08', 'နစက / ဝန်ကြီးချုပ်', '', '', 1, 0),
(10, '2023-03-13', '၀၀၇/၁၀၀၃၂၀၂၃/MEF', 'နည်းပြသင်တန်းဖွင့်လှစ်မည့် အစီအစဉ်တင်ပြခြင်းကိစ္စ', 2, '2023-03-13', 'ပြည်ထောင်စုဝန်ကြီးရုံး', '', '', 1, 0),
(11, '2023-03-13', '၀၀၈/၁၀၀၃၂၀၂၃/MEF', 'ပဲခူးတိုင်းဝန်ကြီးချုပ်ဖလား မြင်းစီးပြိုင်ပွဲစီမံထားရှိမှုတင်ပြ', 2, '2023-03-13', 'ပြည်ထောင်စုဝန်ကြီးရုံး', '', '', 1, 0),
(12, '2023-03-16', 'မရှိ', 'EDCနှင့် Golden Park တွေ့ဆုံမှုကိစ္စ ရှင်းလင်းတင်ပြခြင်း', 2, '2023-03-16', 'ပြည်ထောင်စုဝန်ကြီးရုံး', '', 'ကိုယ်ရေးစာဖြင့်သာ', 1, 0),
(13, '2023-04-06', '၀၀၉/၀၆၀၄၂၀၂၃/ MEF', 'မြေတိုင်းတာရန်လျာထားမှုအပေါ် သဘောထားတင်ပြခြင်း', 2, '2023-04-06', 'ညွှန်မှူး (ရန်ကုန်)', '', '', 1, 0),
(14, '2023-04-18', '၀၁၀/၁၈၀၄၂၀၂၃/ MEF', 'အခြေခံနည်းပြသင်တန်းအမှတ်စဉ်(၁) ဖွင့်လှစ်အစီရင်ခံစာ', 2, '2023-04-18', 'ပြည်ထောင်စုဝန်ကြီးရုံး', '', '', 1, 0),
(15, '2023-05-06', 'မရှိ', 'အဖွဲ့ချုပ်ခွင့်ပြုချက်မရှိဘဲ အားကစားလှုပ်ရှားမှုမလုပ်ရန်', 2, '2023-05-06', 'ရန်ကုန်မြင်းစီးအသင်း', '', '', 1, 0),
(16, '2023-05-24', '၀၁၁/၂၄၀၅၂၀၂၃/ MEF', 'Club house & Indoor ကွင်း လွှဲပြောင်းမှုမှတ်တမ်းပုံပေးပို့', 2, '2023-05-24', 'ညွှန်မှူး (ရန်ကုန်)', '', '', 1, 0),
(17, '2023-07-01', '၀၁၂/၃၀၀၆၂၀၂၃/ MEF', 'ဒေါက်တာစိုးထွန်းအား ရုံးအဖွဲ့မှူးခန့်အပ်ခြင်း', 2, '2023-07-01', 'ဌာနများသို့ ဖြန့်ဝေခြင်း', '', '', 1, 0),
(18, '2023-07-05', 'မရှိ', 'ဒေါက်တာဆန်းထွန်းဦးအား အဖွဲ့ချုပ်ကိုယ်စား သဘောတူ ညီမှု စာချွန်လွှာ လက်မှတ်ထိုးရန် တာဝန်ပေးအပ်ခြင်း', 2, '2023-07-05', 'ညွှန်ချုပ်၊ အား/ကာ၊ ညွှန်ချုပ်၊ မွေး/သု၊ ဖြန့်ဝေခြင်း', '', '', 1, 0),
(19, '2023-07-20', '၀၁၃/၂၀၀၇၂၀၂၃/ MEF', 'မွေး/သု နှင့် အဖွဲ့ချုပ် သဘောတူညီ စာချွန်လွှာမူကြမ်း', 2, '2023-07-20', 'ညွှန်ချုပ်၊ မွေး/သု', '', '', 1, 0),
(20, '2023-07-26', '၀၁၄/၂၆၀၇၂၀၂၃/ MEF', 'ဝန်ကြီး လမ်းညွှန်ချက် လိုက်နာဆောင်ရွက်မှု အခြေအနေ', 2, '2023-07-26', 'ညွှန်ချုပ်၊ အား/ကာ', '', '', 1, 0),
(21, '2023-07-27', '၀၁၅/၂၇၀၇၂၀၂၃/ MEF', 'FEI 1* Endurance Qualification Round1 စီမံချက်ပေးပို့', 2, '2023-07-27', 'ညွှန်ချုပ်၊ အား/ကာ', '', '', 1, 0),
(22, '2023-08-28', '၀၁၆/၂၇၀၇၂၀၂၃/ MEF', 'FEI 1* Endurance Qualification Round1 အစီရင်ခံစာ', 2, '2023-08-28', 'ညွှန်ချုပ်၊ အား/ကာ', '', '', 1, 0),
(23, '2023-09-06', '၀၁၇/၀၆၀၉၂၀၂၃/ MEF', 'မြောက်ဒဂုံမြင်းကွင်း Master Plan (မူကြမ်း)ရေးဆွဲပေးပို့', 2, '2023-09-06', 'ပြည်ထောင်စုဝန်ကြီး', '', '', 1, 0),
(24, '2023-09-06', '၀၁၈/၀၆၀၉၂၀၂၃/ MEF', 'ဦးသန်းဝင်းအား စာရင်စစ်နှင့် Compliance ခန့်အပ်ခြင်း', 2, '2023-09-06', 'အဖွဲ့ချုပ် ရုံးစာ', '', '', 1, 0),
(25, '2023-09-06', '၀၁၉/၀၆၀၉၂၀၂၃/ MEF', 'ဇော်မင်းသန့်အား ပြိုင်ပွဲဝင်ရောက်ခွင့်တားမြစ်ခြင်ပြစ်ဒဏ်', 2, '2023-09-06', 'အဖွဲ့ချုပ် ရုံးစာ', '', '', 1, 0),
(26, '2023-09-17', '၀၂၀/၀၆၀၉၂၀၂၃/ MEF', 'ကလပ်အသင်းများ မှတ်ပုံတင်လျှောက်လွှာနှင် CE အဆိုပြုလျှောက်လွှာပုံစံ ပေးပို့ထားသည့် စာရင်းပေးပို့ခြင်း', 2, '2023-09-17', 'ညွှန်ချုပ်၊ အား/ကာ', '', '', 1, 0),
(27, '2023-09-18', 'Via Email ( from U pyone) ', 'Organize & provide the online trainings within SEA region with the assistance of FEI', 2, '2023-09-18', 'To President South East Asia EF', '', '', 1, 0),
(28, '2023-09-18', '၀၂၁/၁၈၀၉၂၀၂၃/ MEF', 'ဝန်ကြီး၏မှတ်ချက်အပေါ် ပြန်လည်တင်ပြခြင်း', 2, '2023-09-18', 'ညွှန်ချုပ်၊ အား/ကာ', '', '', 1, 0),
(29, '2023-10-16', '၀၂၂/၁၆၁၀၂၀၂၃/ MEF', 'Endurance(Round2)အတွက် မြင်းများ အမြန်လမ်းမကြီး မှ ဖြတ်သန်းသယ်ဆောင်ခွင့်', 2, '2023-10-16', 'ညွှန်ချုပ်၊ အား/ကာ', '', '', 1, 0),
(30, '2023-10-16', '၀၂၃/၁၈၁၀၂၀၂၃/ MEF', 'Endurance(Round2)အတွက် ကြိုတင်စခန်းသွင်းခွင့်ကိစ္စ', 2, '2023-10-16', 'ညွှန်ချုပ်၊ အား/ကာ', '', '', 1, 0),
(31, '2023-10-19', '၀၂၄/၁၉၁၀၂၀၂၃/ MEF', 'မွေး/သုသွေးနမူနာယူရန်ဦးသန်းစိုးအား အောက်ဇုံအဖွဲ့ မြင်းပိုင်ရှင်းများနှင့် ပူးပေါင်းညှိနှိုင်းဆောင်ရွက်ရန်', 2, '2023-10-19', 'ဦးသန်းစိုး', '', '', 1, 0),
(32, '2023-10-19', '၀၂၅/၁၉၁၀၂၀၂၃/ MEF', 'ရန်ကုန်/ဧရာဝတီတိုင်းမြင်းများမှ သွေးနမူနာထုတ်ယူရန် ပူပေါင်းဆောင်ရွက်မှုကိစ္စ အကြောင်းပြန်ကြားခြင်း', 2, '2023-10-19', 'ညွှန်ချုပ်၊ မွေး/သု', '', '', 1, 0),
(33, '2023-10-25', '၀၂၆/၂၅၁၀၂၀၂၃/ MEF', 'မြင်းစီးအဖွဲ့ချုပ်နည်းပြများအမည်စာရင်း ကိုယ်ရေးအချက် အလက်များ ပေးပို့ခြင်း', 2, '2023-10-25', 'ညွှန်ချုပ်၊ အား/ကာ', '', '', 1, 0),
(34, '2023-11-02', '၀၂၇/၀၁၁၁၂၀၂၃/ MEF', 'Sodium Chloride BP Infusion (N/S) 500ml ၂၀၀ လုံး ဝယ်ယူခြင်း', 2, '2023-11-02', 'ဦးဆောင်ညွှန်ကြားရေမှူး၊ မြန်မာ့ဆေးဝါးလုပ်ငန်း', '', '', 1, 0),
(35, '2023-11-02', '၀၂၈/၀၂၁၁၂၀၂၃/ MEF', 'ကော်မတီဥက္ကဋ္ဌများအဖြစ် ခန့်အပ်တာဝန်ပေးခြင်း', 2, '2023-11-02', 'ဦးသန့်စင်မိုး၊ ဦးသိန်းဝင်း၊ ဦးအောင်မြတ်ထွန်း', '', '', 1, 0),
(36, '2023-11-06', '၀၂၉/၀၃၁၁၂၀၂၃/ MEF', 'FEI 1* Endurance Round 2 70km နှင့် 55 km ပြိုင်ပွဲ စီံမံ ချက်၊လုံခြုံရေးစီမံချက်နှင့် Technical Handbook ပေးပို့', 2, '2023-11-06', 'ညွှန်ချုပ်၊ အား/ကာ', '', '', 1, 0),
(37, '2023-11-06', '၀၃၀/၀၃၁၁၂၀၂၃/ MEF', 'FEI 1* Endurance Round 2 70km ပြိုင်ပွဲဝင် အားကစား သမားနှင့်မြင်းများ အမြန်လမ်းသယ်ဆောင်ခွင့် တင်ပြခြင်း', 2, '2023-11-06', 'ညွှန်ချုပ်၊ အား/ကာ', '', '', 1, 0),
(38, '2023-11-09', '၀၃၁/၀၈၁၁၂၀၂၃/ MEF', 'YECC မှ မြင်းဇောင်းများ၏ Layout Plan နှင့် ဆောင်ရွက် လိုသည့်တင်ပြစာနှင်ပတ်သက်၍ အကြောင်းပြန်ကြားခြင်း', 2, '2023-11-09', 'ဦးဇော်လွင်ဦး ၊ဥက္ကဋ္ဌ YECC', '', '', 1, 0),
(39, '2023-11-09', '၀၃၂/၀၉၁၁၂၀၂၃/ MEF', 'အဖွဲ့ချုပ် ဗဟိုအလုပ်အမှုဆောင်စာရင်း ပေးပို့ခြင်း', 2, '2023-11-09', 'ညွှန်ချုပ်၊ အား/ကာ', '', '', 1, 0),
(40, '2023-11-09', '၀၃၃/၀၉၁၁၂၀၂၃/ MEF', 'အဖွဲ့ချုပ် အလုပ်အမှုဆောင် EC ခန့်အပ်ခြင်း', 2, '2023-11-09', 'အမှုဆောင်များ၊ ရုံးလက္ခံ', '', '', 1, 0),
(41, '2023-11-09', '၀၃၄/၀၉၁၁၂၀၂၃/ MEF', 'ခရီးရှည်မြင်းစီးအားကစားပြိုင်ပွဲအတွက် ဆေးဘက် အထောက်အကူပြုအဖွဲ့ စေလွှတ်ပေးပါရန် တင်ပြခြင်း', 2, '2023-11-09', 'ညွှန်ချုပ်၊ ဆေးဘက်ဆိုင်ရာဌာနခွဲ၊ အား/ကာ', '', '', 1, 0),
(42, '2023-11-09', '၀၃၅/၀၉၁၁၂၀၂၃/ MEF', 'FEI 1* Endurance Round 2 70km ပြိုင်ပွဲဝင် အားကစား သမားနှင့်မြင်းများ အမြန်လမ်းသယ်ဆောင်ခွင့် တင်ပြခြင်း', 2, '2023-11-09', 'ညွှန်ချုပ်၊ အား/ကာ', '', '', 1, 0),
(43, '2023-11-13', '၀၃၆/၁၃၁၁၂၀၂၃/ MEF', 'FEI 1* Endurance Round 2 70km ပြိုင်ပွဲအတွက် နေပြည်တော်သို့ ကားဖြင့်လာမည့် အဖွဲ့ချုပ်စာရင်းပေးပို့', 2, '2023-11-13', 'ညွှန်ချုပ်၊ အား/ကာ', '', '', 1, 0),
(44, '2023-11-16', '၀၃၇/၁၆၁၁၂၀၂၃/ MEF', 'The 1st FEI SEA Youth Cup 2023 ပြိုင်ပွဲအတွက် စာရင်း ပေးပို့ထားသည့်  အားကစားသမား(၃)ဦး၏ ကိုယ်ရေးအ ချက်အလက်အပြည့်အစုံ ပေးပို့ရန် အကြောင်းကြားခြင်း', 2, '2023-11-16', 'ရန်ကုန်မြင်းစီးအသင်း', '', '', 1, 0),
(45, '2023-11-18', '၀၃၈/၁၈၁၁၂၀၂၃/ MEF', 'YECC မှ Passport သက်တမ်းတိုးနိုင်ရေးကိစ္စအား တင်ပြ လာခြင်းနှင့်ပတ်သက်၍ ထပ်ဆင့်တင်ပြခြင်း', 2, '2023-11-18', 'ညွှန်ချုပ်၊ အား/ကာ', '', '', 1, 0),
(46, '2023-11-21', '၀၃၉/၂၁၁၁၂၀၂၃/ MEF', 'ဦးကျော်ကျော်မြင့်ထူး၏ Passport သက်တမ်းတိုးကိစ္စ တင်ပြလာခြင်းနှင့်ပတ်သက်၍ အကြောင်းပြန်ကြားခြင်း', 2, '2023-11-21', 'ဦးဇော်လွင်ဦး၊ ဥက္ကဋ္ဌ၊ YECC', '', '', 1, 0),
(47, '2023-11-22', '၀၄၀/၂၂၁၁၂၀၂၃/ MEF', 'The 1st FEI SEA Youth Cup 2023 ပြိုင်ပွဲအတွက် အားကစားသမား(၃)ဦး ကိုယ်ရေးအချက်လက်ပေးပို့ခြင်း', 2, '2023-11-22', 'ညွှန်ချုပ်၊ အား/ကာ', '', 'ဦးဌေးကျော်မှရေးပို့ခြင်း', 1, 0),
(48, '2023-11-22', '၀၄၁/၂၂၁၁၂၀၂၃/ MEF', 'FEI 1* Endurance Round 2 70km ပြိုင်ပွဲအတွက် ကူညီ ပံ့ပိုးခဲ့ခြင်းကိစ္စနှင့်ပတ်သက်၍ အကြောင်းပြန်ကြားခြင်း', 2, '2023-11-22', '(FNI) First National Insurance General Co. Ltd', '', '', 1, 0),
(49, '2023-11-22', '၀၄၂/၂၂၁၁၂၀၂၃/ MEF', 'YECC မှ ဒေါ်ယဉ်နန်းနွယ်နှင့် ဦးသန်းလှိုင် Passport သက်တမ်းတိုးနိုင်ရေးကိစ္စ ထပ်ဆင့်တင်ပြခြင်း', 2, '2023-11-22', 'ညွှန်ချုပ်၊ အား/ကာ', '', '', 1, 0),
(50, '2023-11-29', '၀၄၃/၂၉၁၁၂၀၂၃/ MEF', 'The 1st FEI SEA Youth Cup 2023 ပြိုင်ပွဲသို့ သွားရောက် ယှဉ်ပြိုင်မည့် အစီအစဉ်အား တင်ပြခြင်း', 2, '2023-11-29', 'ညွှန်ချုပ်၊ အား/ကာ', '', '', 1, 0),
(51, '2022-10-31', '၀၄၄/၀၂၁၂၂၀၂၃/ MEF', 'ရန်ကုန်မြင်းစီးအသင်း(YECC)မှ ပြိုင်ပွဲဝင်မြင်းများထား ရှိရန်(၁၄)ကောင်ဆန့်ယာယီမြင်းဇောင်း(၁)ဇောင်း ဆောက်လုပ်မည့်ကိစ္စအား အကြောင်းပြန်ကြားခြင်း', 2, '2022-10-31', 'ဦးဇော်လွင်ဦး၊ဥက္ကဋ္ဌ ရန်ကုန်မြင်းစီးအသင်း (YECC)', '', '', 1, 0),
(52, '2022-10-31', '၀၄၅/၀၄၁၂၂၀၂၃/ MEF', 'မြင်းကောင်ရေ(၃၀)ဆန့် မြင်းဇောင်း(၃)ဇောင်း ဆောက်လုပ်ရန်တင်ပြခြင်း', 2, '2022-10-31', 'ပြည်ထောင်စုဝန်ကြီး၊ အားကစား/လူငယ်ရေးရာ', '', '', 1, 0),
(53, '2023-12-21', '၀၄၆/၂၁၁၂၂၀၂၃/ MEF', '(၇၆)နှစ်မြောက် လွတ်လပ်ရေးနေ့အထိမ်းအမှတ် မြင်းစီး အားကစားပြိင်ပွဲ International Show Jumping တန်းခုံပြိုင်ပွဲကျင်းပရန် စီမံချက်တင်ပြခြင်း', 2, '2023-12-21', 'ပြည်ထောင်စုဝန်ကြီး၊ အားကစား/လူငယ်ရေးရာ', '', '', 1, 0),
(54, '0000-00-00', '၀၄၇/၀၈၀၁၂၀၂၄/ MEF', '(၇၇)နှစ်မြောက် ပြည်ထောင်စုနေ့အထိမ်းအမှတ် တိုင်းဒေ သကြီးနှင့်ပြည်နယ်များ မြန်မာ့ရိုးရာနှင့် နိုင်ငံတကာမြင်းစီး အားကစား တံခွန်စိုက်ဖလားပြိုင်ပွဲကျင်းပရန် စီစဉ်ထားရှိမှု အားတင်ပြခြင်း', 2, '0000-00-00', 'ပြည်ထောင်စုဝန်ကြီး၊ အားကစား/လူငယ်ရေးရာ', '', '', 1, 0),
(55, '2023-11-30', 'ဒေါ်ခင်သီတာထွန်း', 'ခွင့်ပန်ကြားခြင်း', 2, '2023-11-30', 'ဥက္ကဋ္ဌ၊ မြန်မာနိုင်ငံရုပ်ရှင် အစည်းအရုံး', '', '', 1, 0),
(56, '2024-01-15', '၀၄၈/၁၅၀၁၂၀၂၄/  MEF', 'မြန်မာနိုင်ငံမြင်းစီးအားကစားအဖွဲ့ချုပ်မှ ကြီးမှူးကျင်းပ ပြုလုပ်မည့် (၇၇)နှစ်မြောက် ပြည်ထောင်စုနေ့အထိမ်း အမှတ် မြင်းစီးအားကစားပြိုင်ပွဲအတွက် ပြိုင်ပွဲဝင်အား ကစားသမားနှင့် မြင်းများ အမြန်လမ်းမကြီးမှ ဖြတ်သန်း သယ်ဆောင်ခွင့်ရရှိရန်အတွက် ကူညီဆောင်ရွက်ပေးနိုင် ပ', 2, '2024-01-15', 'ညွှန်ချုပ်၊ အား/ကာ၊ အားကစားနှင့်လူငယ်ရေးရာဝန်ကြီးဌာန', '', '', 1, 0),
(57, '2024-01-15', '၀၄၉/၁၅၀၁၂၀၂၄/  MEF', 'ပဲခူးတိုင်းဒေသကြီး မြင်းစီးအားကစားဆပ်ကော်မတီ ဖွဲ့စည်းရန် ခွင့်ပြုခြင်း', 2, '2024-01-15', 'ပဲခူးတိုင်း မြင်းစီးအား ကစား ဆပ်ကော်မတီ', '', '', 1, 0),
(58, '2024-01-16', '၀၅၀/၁၆၀၁၂၀၂၄/  MEF', 'မြင်းစီးအားကစားဆပ်ကော်မတီဖွဲ့စည်းပေးနိုင်ပါရန် တင်ပြခြင်း', 2, '2024-01-16', 'ဦးစီးမှူး၊ အားကာဦးစီး၊ ပဲခူးတိုင်းဒေသကြီး', '', '', 1, 0),
(59, '2024-01-17', '၀၅၁/၁၇၀၁၂၀၂၄/  MEF', 'ဧရာဝတီတိုင်းဒေသကြီး မြင်းစီးအားကစားဆပ်ကော်မတီ အား အသိအမှတ်ပြုခြင်း(ယာယီ)', 2, '2024-01-17', 'ဧရာဝတီတိုင်း မြင်းစီးအားကစား ဆပ်ကော်မတီ', '', '', 1, 0),
(60, '2024-01-18', '၀၅၂/၁၈၀၁၂၀၂၄/  MEF', 'ရန်ကုန်တိုင်းဒေသကြီး မြင်းစီးအားကစားဆပ်ကော်မတီ၏ ပြိုင်ပွဲဝင်မြင်းများစောလျှင်စွာ လာရောက်လေ့ကျင့်နိုင်ရေး တင်ပြသည့်ကိစ္စအား အကြောင်းပြန်ကြားခြင်း', 2, '2024-01-18', 'ဥက္ကဋ္ဌ၊ ရန်ကုန်တိုင်းဒေသကြီး မြင်းစီးအားကစား ဆပ်ကော်မတီ', '', '', 1, 0),
(61, '2024-01-23', '၀၅၃/၂၃၀၁၂၀၂၄/  MEF', 'ဖိတ်ကြားစာ ပေးပို့ခြင်း', 2, '2024-01-23', 'ဦးကျော်မင်းသန်း၊ ညွှန်မှူး အား/ကာ၊ ရန်ကုန်', '', '', 1, 0),
(62, '2024-01-30', '၀၅၄/၂၃၀၁၂၀၂၄/  MEF', 'ဧည့်စာရင်းတိုင်ကြားခြင်း', 2, '2024-01-30', 'ရက်ကွက်အုပ်ချုပ်ရေးမှူး၊(၂၉)ရပ်ကွက်၊ ပင်လုံလမ်း ဒဂုံမြို့သစ်(မြောက်ပိုင်း)', '', '', 1, 0),
(63, '2024-01-23', '၀၅၅/၃၀၀၁၂၀၂၄/  MEF', 'လုံခြုံရေးဆိုင်ရာကိစ္စရပ်များ စီစဉ်ဆောင်ရွက်ပေးနိုင်ပါရန် တင်ပြခြင်း', 2, '2024-01-23', 'ရန်ကုန်တိုင်းဒေသကြီး အစိုးရအဖွဲ့', '', '', 1, 0),
(64, '2024-02-06', '၀၅၆/၀၆၀၂၂၀၂၄/  MEF', 'ထိုင်းနိုင်ငံတွင်ပြုလုပ်မည့် The CSIJ-B Pattaya 2024 ပြိုင်ပွဲ သွားရောက်ယှဉ်ပြိုင်မည်ဖြစ်ကြောင်း သိသာနိုင်ပါ ရန်တင်ပြခြင်း', 2, '2024-02-06', 'ညွှန်ချုပ်၊ အား/ကာ၊ အားကစားနှင့်လူငယ်ရေးရာဝန်ကြီးဌာန', '', '', 1, 0),
(65, '2024-02-12', '၀၅၇/၁၂၀၂၂၀၂၄/  MEF', '(၇၇)နှစ်မြောက် ပြည်ထောင်စုနေ့အထိမ်းအမှတ် မြင်းစီး အားကစားပြိုင်ပွဲ ဗိုလ်လုပွဲ ပွဲစဉ်များနှင့် ဆုပေးအပ်ပွဲ အခမ်းအနား ရွှေ့ဆိုင်းခြင်း', 2, '2024-02-12', 'ညွှန်ချုပ်၊ အား/ကာ၊ အားကစားနှင့်လူငယ်ရေးရာဝန်ကြီးဌာန', '', '', 1, 0),
(66, '2024-02-12', '၀၅၈/၁၂၀၂၂၀၂၄/  MEF', 'ထိုင်းနိုင်ငံတွင်ပြုလုပ်မည့် The CSIJ-B Pattaya 2024 ပြိုင်ပွဲ သွားရောက်ယှဉ်ပြိုင်မည်ဖြစ်ကြောင်း သိသာနိုင်ပါ ရန်တင်ပြခြင်းကိစ္စ', 2, '2024-02-12', 'ညွှန်ချုပ်၊ အား/ကာ၊ အားကစားနှင့်လူငယ်ရေးရာဝန်ကြီးဌာန', '', '', 1, 0),
(67, '2024-02-13', '၀၅၉/၁၃၀၂၂၀၂၄/  MEF', '၂၀၂၃ ခုနှစ်အတွက် အကောင်းဆုံးအားကစားသမား အမျိုးသား/အမျိုးသမီးရွေးချယ်ခြင်း ', 2, '2024-02-13', 'ဥက္ကဋ္ဌ၊ မြန်မာနိုင်ငံ အား ကစားမီဒီယာအဖွဲ့ချုပ်', '', '', 1, 0),
(68, '2024-02-15', '၀၆၀/၁၅၀၂၂၀၂၄/  MEF', '(၇၇)နှစ်မြောက် ပြည်ထောင်စုနေ့အထိမ်းအမှတ် မြင်းစီး အားကစားပြိုင်ပွဲ ဗိုလ်လုပွဲ ပွဲစဉ်များနှင့် ဆုပေးအပ်ပွဲ အ ခမ်းအနား ပြန်လည်ကျင်းပမည့်အစီအစဉ်အား တင်ပြခြင်း', 2, '2024-02-15', 'ရန်ကုန်တိုင်းဒေသကြီး အစိုးရအဖွဲ့', '', '', 1, 0),
(69, '2024-02-28', '၀၆၁/၂၈၀၂၂၀၂၄/  MEF', 'YECC ၏ အမှတ်(၂)ဂိတ်ဝင်ပေါက်နှင့် Club House မြက်ခင်းပြင်ပြုပြင်ခွင့်တင်ပြခြင်းကိစ္စအား အကြောင်း ပြန်ကြားခြင်း ', 2, '2024-02-28', 'ဥက္ကဋ္ဌ၊ ရန်ကုန်မြင်းစီး အသင်း(YECC)', '', '', 1, 0),
(70, '2024-02-10', '၀၀၁/၁၀၀၂၂၀၂၄/ MEF/ ပြိုင်ပွဲကော်မတီ', 'မြင်းစီးအားကစားပြိုင်ပွဲရလဒ်နှင့်ပတ်သက်၍ ပြန်လည် ပြင်ဆင်ပေးနိုင်ပါရန် တင်ပြခြင်းကိစ္စ', 2, '2024-02-10', 'ဥက္ကဋ္ဌ၊ ပြိုင်ပွဲကျင်းပရေး ကော်မတီ၊ MEF', '', '', 1, 0),
(71, '2024-03-02', '၀၆၂/၀၂၀၃၂၀၂၄/  MEF', 'Club House ပြင်ဆင်မည့်ကိစ္စ အကြောင်းကြားခြင်း', 2, '2024-03-02', 'မန်နေဂျာ၊ ရန်ကုန်မြင်းစီး အသင်း(YECC)', '', '', 1, 0),
(72, '2024-03-04', '၀၆၃/၀၄၀၃၂၀၂၄/  MEF', 'မြန်မာနိင်ငံအားကစားအဖွဲ့ချုပ် အလုပ်အမှုဆောင်အဖွဲ့ဝင် များ၏ ကိုယ်ရေးမှတ်တမ်းတင်ပြရန်ကိစ္စ', 2, '2024-03-04', 'ညွှန်ချုပ်၊ အား/ကာ၊ အားကစားနှင့်လူငယ်ရေးရာဝန်ကြီးဌာန', '', '', 1, 0),
(73, '2024-03-07', '၀၆၃/၀၇၀၃၂၀၂၄/  MEF', 'မြန်မာနိင်ငံအားကစားအဖွဲ့ချုပ် အလုပ်အမှုဆောင်အဖွဲ့ဝင် များ၏ ကိုယ်ရေးမှတ်တမ်းတင်ပြရန်ကိစ္စ', 2, '2024-03-07', 'ညွှန်ချုပ်၊ အား/ကာ၊ အားကစားနှင့်လူငယ်ရေးရာဝန်ကြီးဌာန', '', '', 1, 0),
(74, '2023-12-01', '၀၆၄/၁၁၀၃၂၀၂၄/  MEF', 'မြင်းသယ်ယူရေးကိစ္စ တင်ပြခြင်း', 2, '2023-12-01', 'ဒေါက်တာသိန်းသိန်းအေး၊ဒုညွှန်မှူး၊ မွေး/ကုဦးစီး', '', '', 1, 0),
(75, '2024-03-15', '၀၆၆/၁၅၀၃၂၀၂၄/  MEF', '(၇၇)နှစ်မြောက်ပြည်ထောင်စုနေ့ အထိမ်းအမှတ် တံခွန် စိုက်ဖလား ပြည်နယ်နှင့်တိုင်းဒေသကြီး မြင်းစီး အားကစား ပြိုင်ပွဲအတွက်ထုတ်းပေးထားသော လုံခြုံရေးလည်ဆွဲ ကဒ် များ ပြန်လည်အပ်နှံရန်အသိပေးအကြောင်းကြားခြင်း', 2, '2024-03-15', 'ဥက္ကဋ္ဌ၊ YRESC', '', '', 1, 0),
(76, '2024-03-18', '၀၆၇/၁၈၀၃၂၀၂၄/  MEF', 'မှန်ကန်ကြောင်းထောက်ခံခြင်းကိစ္စ(ဦးအောင်မြတ်ထွန်း)', 2, '2024-03-18', 'သက်ဆိုင်ရာ', '', '', 1, 0),
(77, '2024-03-20', '၀၆၈/၂၀၀၃၂၀၂၄/  MEF', 'မြန်မာနိင်ငံမြင်းစီးအားကစားအဖွဲ့ချုပ်ပိုင် ပရိဘောဂ ပစ္စည်းများ ပြန်လည်အပ်နှံရန်အကြောင်းကြားခြင်း', 2, '2024-03-20', 'မန်နေဂျာ၊ YECC', '', '', 1, 0),
(78, '0000-00-00', '၂၃/၂၃၄-အားကစား-၃၃/ ပထဖ(၂၀၂၂)', 'အဖွဲ့ချုပ်များ၏အားကစားဆိုင်ရာကိစ္စရပ်များအား ကြပ်မတ်နိုင်ရေး', 1, '2022-04-17', 'ပြည်ထောင်စုအစိုးရအဖွဲ့ရုံး', '', '', 1, 0),
(79, '0000-00-00', '၅-၃၇၄၄/ပြင်ပ/စည်ပင်-ယာ/အုံ(ပုံစံ)', '(၁)ထပ် Steel မြင်းဇောင်းအဆောက်အဦ ဆောက် လုပ်ခွင့် ကိစ္စ', 1, '2022-11-03', 'ရန်ကုန်မြို့တော်စည် ပင်၊ အင်/ယာဌာန', '', '', 1, 0),
(80, '0000-00-00', 'မရှိ', 'နှုတ်ထွင်ခွင့်ပြုပါရန်', 1, '2022-12-05', 'ဦးဇော်လွင်ဦး၊ CEC', '', '', 1, 0),
(81, '0000-00-00', '၉၈၅၉/၂၀၅-၁/ယလ', 'စီမံချက်(မူကြမ်း)ပေးပို့တင်ပြလာခြင်းကိစ္စ', 1, '2022-12-08', 'ညွှန်ချုပ်(အား/ကာ)', '', '', 1, 0),
(82, '0000-00-00', '၁၀၁၇၂/၂၀၅-၁/ယလ', 'မြင်းစီးအားကစားပြိုင်ပွဲကျင်းပခွင့်ပြုပါရန်တင်ပြလာခြင်းကိစ္စ', 1, '2022-12-16', 'ညွှန်ချုပ်(အား/ကာ)', '', '', 1, 0),
(83, '0000-00-00', '၅(၃၄)/ပြည်တွင်း-ပြည်ပ/ဝကရ', 'မြင်းစီးအားကစားပြိုင်ပွဲကျင်းပခွင့်ကိစ္စ', 1, '2023-01-26', 'ဝန်ကြီး (အားကာ)', '', '', 1, 0),
(84, '0000-00-00', '၇၀၁/၂၀၅-၁/ယလ', 'မြင်းစီးအားကစားပြိုင်ပွဲကျင်းပခွင့်ကိစ္စ', 1, '2023-01-30', 'ညွှန်ချုပ်(အား/ကာ)', '', '', 1, 0),
(85, '0000-00-00', 'မရှိ(တိုင်စာ)', 'ဒဂုံမြို့သစ်(မြောက်ပိုင်း)မြို့နယ်၊(၂၉)ရပ်ကွက်၊(ယခင်ဘိုးလိမ်းကွင်း)ယခုမြင်းစီးအဖွဲ့ချုပ်၊ ကိုရီးယား(Spar) အဆောက်အဦးတိုးချဲ့ခြင်း၊လမ်းများဖေါက်လုပ်နေခြင်း နှင့် စိုက်ပျိုးရေးပန်းဥယျာဉ်များ၊ ဈေးဆိုင်များ၊ ကားဘော် ဒီရုံများ၊ ထမင်းဆိုင်များ၊ ကုန်စုံဆိုင်များ၊ အဖျော်ရည် မကာဆိုင်များ၊ ဒီဇယ်-ဓါတ်ဆီမှောင်ခိုဆိုင်များ၊ အခကြေး ငွေယူ၍လုပ်ဆောင်နေခြင်းကိစ္စအား တားမြစ်ခြင်း၊ ဖယ်ရှားခြင်းကိစ္စ', 1, '2023-05-09', 'ဦးနေအောင်(ခ) ဦးတင်ထွဋ်အောင် ၁၂/ဒဂန(နိုင်)၀၁၈၇၂၆', '', '', 1, 0),
(86, '0000-00-00', 'မရှိ', 'တရားဝင် လွှဲပြောင်း/လက်ခံခြင်း', 1, '2023-05-18', 'ရန်ကုန်မြင်းစီးအသင်း', '', '', 1, 0),
(87, '0000-00-00', '၀၁၀/စခ/YECC', 'ဆောင်ရွက်လိုသော အစီအစဉ်များနှင့်အကြံပြုချက်အား တင်ပြခြင်း', 1, '2023-05-25', 'ဇော်လွင်ဦး၊ဥက္ကဋ္ဌ၊  (YECC)', '', '', 1, 0),
(88, '0000-00-00', '၀၁၃/စခ/YECC', 'မြင်းဇောင်းများအား မိုးတွင်းကာလအတွက် အန္တရာယ် ကင်းလုံခြုံမှုရှိစေရန်အတွက် ကြမ်းခင်းနံရံများနှင့်အမိုး များအား ပြင်ဆင်ခွင့်တင်ပြခြင်း', 1, '2023-05-25', 'ဇော်လွင်ဦး၊ဥက္ကဋ္ဌ၊  (YECC)', '', '', 1, 0),
(89, '0000-00-00', '၀၀၆/စခ/YECC', 'ပြည်ထောင်စုဝန်ကြီး၏ လမ်းညွှန်ချက်များအား လေးစား စွာ လိုက်နာလျက်ရှိပါကြောင်း ရှင်းလင်းတင်ပြခြင်း', 1, '2023-05-07', 'ဇော်လွင်ဦး၊ဥက္ကဋ္ဌ၊  (YECC)', '', '', 1, 0),
(90, '0000-00-00', '၀၀၅/စခ/YECC', 'ရန်ကုန်မြင်းစီးအသင်း(YECC)အား မြန်မာနိုင်ငံမြင်းစီး အားကစားအဖွဲ့ချုပ်တွင် အသင်းမှတ်ပုံတင်ပြုလုပ်နိုင် ရေးအတွက် ဆက်သွယ်အကြောင်းကြားခြင်း', 1, '2023-05-06', 'ဇော်လွင်ဦး၊ဥက္ကဋ္ဌ၊  (YECC)', '', '', 1, 0),
(91, '0000-00-00', '၀၁၅/စခ/YECC', 'မေတ္တာရပ်ခံခြင်းနှင့်အကြံပြုတင်ပြခြင်း', 1, '2023-06-30', 'ဇော်လွင်ဦး၊ဥက္ကဋ္ဌ၊  (YECC)', '', '', 1, 0),
(92, '0000-00-00', 'မသ-ညကခ/စရပည/၀၁၃/ ၂၀၂၃/(၅၁)', 'မွေးမြူရေးသုတေသနဦးစီးဌာနနှင့် မြန်မာနိုင်ငံမြင်းစီး အားကစားအဖွဲ့ချုပ်တို့ကြားရေးထိုးမည့် သုတေသနဆိုင် ရာနှီးနှောဖလှယ်မှု သဘောတူညီမှု စာချွန်လွှာမူကြမ်း ပေးပို့ခြင်း', 1, '2023-07-04', 'ဒေါက်တာ သန်းနိုင်ထွန်း (ညွှန်ချုပ်)၊မွေး/သုဦးစီးဌာန', '', '', 1, 0),
(93, '0000-00-00', '၀၉၀/၀၁၂-စမ/ကရ', '၂၀၂၃ ခုနှစ်၊ ဩဂုတ်လ(၅)ရက်နေ့၊ နေ့လည်(၁း၃၀) နာရီအချိန် အမျိုးသားအားကစားပြိုင်ပွဲရုံ(၁)သုဝဏ္ဏရှိ ပတ္တမြားခန်းမ၌ကျင်းပပြုလုပ်သော ပြည်ထောင်စုဝန်ကြီး မှ မြင်းစီးအားကစားနည်းဖွံ့ဖြိုးတိုးတက်ရေးအတွက် တွေ့ဆုံလမ်းညွှန်ဆွေးနွေးခြင်းအခမ်းအနားအစည်းအဝေး မှတ်တမ်း', 1, '2023-08-07', 'ရုံအုပ်၊ဒေါ်ဖြူဖြူကြည်၊အား/ကာ ဝန်ကြီးရုံး', '', '', 1, 0),
(94, '0000-00-00', 'မသ-ညကခ/စရပည/၀၁၃/ ၂၀၂၃/(၂၀၂)', 'ရန်ကုန်တိုင်းဒေသကြီးနှင့် ဧရာဝတီတိုင်းဒေသကြီးရှိ မြင်း များထံမှ သွေးနမူနာထုတ်ယူခွင့်ပြုနိုင်ပါရန် ညှိနှိုင်း အကြာင်းကြားခြင်း', 1, '2023-10-17', 'Dr.သန်းနိုင်ထွန်း (ညွှန်ချုပ်)၊မွေး/သုဦးစီးဌာန', '', '', 1, 0),
(95, '0000-00-00', '၅(၂၈)/ပြည်တွင်း-ပြည်ပ/ဝကရ', 'FEI Endurance 1* Qualification Round 2 (70 km) အရည်အချင်းစစ်ပြိုင်ပွဲအတွက် ပြိုင်ပွဲဝင်အားကစား သမားနှင့် မြင်းများအား နေပြည်တော်မြင်းစီးအားကစား ကွင်း၌ ကြိုတင်စခန်းသွင်း လေ့ကျင့်ခွင့်ပြုပါရန် တင်ပြ လာခြင်းကိစ္စ', 1, '2023-10-19', 'ဝန်ကြီး၊အားကစားနှင့်လူငယ်ရေးရာဝန်ကြီးဌာန', '', '', 1, 0),
(96, '0000-00-00', '၈၀၈၅/လကရ-၂/ယလ-၂', 'အားကစားအဖွဲ့ချုပ်အသီးသီးမှ နည်းပြများ၏အမည် စာ ရင်း၊ တစ်ဦးချင်း အရည်အချင်းစွမ်းဆောင်မှုနှင့် ကိုယ်ရေး အချက်အလက်မှတ်တမ်းများပြုစုပေးပို့ရန်အ‌ကြောင်းကြားခြင်း', 1, '2023-10-19', 'ညွှန်ချုပ်၊ အား/ကာ', '', '', 1, 0),
(97, '0000-00-00', '၈၁၈၀/၁၁၇ /အခ', 'FEI Endurance 1* Qualification Round 2 (70 km) အရည်အချင်းစစ်ပြိုင်ပွဲအတွက် ပြိုင်ပွဲဝင်အားကစား သမားနှင့် မြင်းများအား နေပြည်တော်မြင်းစီးအားကစား ကွင်း၌ ကြိုတင်စခန်းသွင်း လေ့ကျင့်ခွင့်ပြုပါရန် ကိစ္စ', 1, '2023-10-23', 'ညွှန်ချုပ်၊ အား/ကာ', '', '', 1, 0),
(98, '0000-00-00', '၀၃၂/စခ/YECC', 'မြင်းဇောင်းများ၏ Layout Plan နှင့် ဆောင်ရွက်လိုသည် များအားတင်ပြခြင်း', 1, '2023-10-28', 'ဇော်လွင်ဦး၊ဥက္ကဋ္ဌ၊  (YECC)', '', '', 1, 0),
(99, '0000-00-00', '၀၄၀/စခ/YECC', 'Passport သက်တမ်းတိုးပေးပါရန် တင်ပြခြင်း', 1, '2023-11-15', 'ဇော်လွင်ဦး၊ဥက္ကဋ္ဌ၊  (YECC)', '', '', 1, 0),
(100, '0000-00-00', '၀၄၁/စခ/YECC', '1st FEI SEA Youth Cup 2023 ပြိင်ပွဲအတွက် စာရင်းပေးပို့ခြင်း', 1, '2023-11-15', 'ဇော်လွင်ဦး၊ဥက္ကဋ္ဌ၊  (YECC)', '', '', 1, 0),
(101, '0000-00-00', '၀၄၂/စခ/YECC', 'မြင်းကောင်ရေ(၃၀)ဆန့် မြင်းဇောင်း(၃)ဇောင်း ဆောက် လုပ်ရန်အတွက် မြန်မာနိုင်ငံမြင်းစီးအားကစားအဖွဲ့ချုပ်မှ တောင်းခံထားသောအချက်အလက်များအား ပြုစုပေးပို့ တင်ပြခြင်း', 1, '2023-11-20', 'ဇော်လွင်ဦး၊ဥက္ကဋ္ဌ၊  (YECC)', '', '', 1, 0),
(102, '0000-00-00', '၀၄၄/စခ/YECC', 'Passport သက်တမ်းတိုးနိုင်ရေးအတွက် ထောက်ခံစာ ထုတ်ပေးနိုင်ပါရန် တင်ပြခြင်း', 1, '2023-11-18', 'ဇော်လွင်ဦး၊ဥက္ကဋ္ဌ၊  (YECC)', '', '', 1, 0),
(103, '0000-00-00', '၀၅၀/စခ/YECC', 'Passport သက်တမ်းတိုးနိုင်ရေးအတွက် ထောက်ခံစာ ထုတ်ပေးနိုင်ပါရန် တင်ပြခြင်း', 1, '2023-11-22', 'ဇော်လွင်ဦး၊ဥက္ကဋ္ဌ၊  (YECC)', '', '', 1, 0),
(104, '0000-00-00', '၀၅၂/စခ/YECC', 'ပြိုင်ပွဲဝင်မြင်းများထားရှိရန်အတွက်မြင်း(၁၄)ကောင်ဆန့် ယာယီမြင်းဇောင်း(၁)ဇောင်း တည်ဆောက်ခွင့်တင်ပြခြင်း', 1, '2023-11-30', 'ဇော်လွင်ဦး၊ဥက္ကဋ္ဌ၊  (YECC)', '', '', 1, 0),
(105, '0000-00-00', '၀၄၇/စခ/YECC', 'ဓာတ်ပုံနှင့် ဗီဒီယိုရိုက်ကူးရေးလုပ်ငန်း ဆောင်ရွက်ရန် အသိပေးအကြောင်းကြားခြင်း', 1, '2023-12-07', 'ဇော်လွင်ဦး၊ဥက္ကဋ္ဌ၊  (YECC)', '', '', 1, 0),
(106, '0000-00-00', '၀၅၄/စခ/YECC', 'ယာယီမြင်းဇောင်း(၁)ဇောင်း ဆောက်လုပ်ရန် မြန်မာနိုင်ငံ မြင်းစီးအားကစားအဖွဲ့ချုပ်၏ အကြောင်းကြားစာနှင့် ပတ်သက်၍ နားလည်သဘောတူပါကြောင်း တင်ပြခြင်း', 1, '2023-12-19', 'ဇော်လွင်ဦး၊ဥက္ကဋ္ဌ၊  (YECC)', '', '', 1, 0),
(107, '0000-00-00', '002-YREC', 'ပြည်ထောင်စုနေ့ မြင်းစီးအားကစားပြိုင်ပွဲစည်ကား သိုက် မြိုက်စွာ ကျင်းပနိုင်ရေးအတွက် လိုအပ်သလိုစီစဉ်ဆောင် ရွက်နိုင်ပါရန်တင်ပြခြင်း', 1, '2024-01-17', 'ဇော်လွင်ဦး၊ဥက္ကဋ္ဌ၊  (YRESC)', '', '', 1, 0),
(108, '0000-00-00', '003-YREC', 'ပြိုင်ပွဲဝင်မြင်းများစောလျှင်စွာလာရောက်နိုင်ရေးခွင့်ပြုပေးနိုင်ပါရန်တင်ပြခြင်း', 1, '2024-01-17', 'ဇော်လွင်ဦး၊ဥက္ကဋ္ဌ၊  (YRESC)', '', '', 1, 0),
(109, '0000-00-00', '025-YRESC', 'လုပ်ငန်းစီမံချက်အားတင်ပြခြင်း', 1, '2024-02-17', 'ဇော်လွင်ဦး၊ဥက္ကဋ္ဌ၊  (YRESC)', '', '', 1, 0),
(110, '0000-00-00', 'မရှိ', 'Survey တိုင်းတာခွင့်ပြုပါရန်တင်ပြခြင်းကိစ္စ', 1, '2024-02-22', 'အေးသီတာမိုး၊ဥက္ကဋ္ဌ မြင်းသက်မွေးကော်မတီ', '', '', 1, 0),
(111, '0000-00-00', '001-YHC', 'ရန်ကုန်တိုင်းဒေသကြီးမြင်းစီးအားကစားဆပ်ကော်မတီ ဖွဲ့စည်းပြီးစီးကြောင်းတင်ပြခြင်း', 1, '2024-01-12', 'ဇော်လွင်ဦး၊ဥက္ကဋ္ဌ၊  (YRESC)', '', '', 1, 0),
(112, '0000-00-00', '015-YRESC', 'Rider ပြောင်းလဲ၍ ပြိင်ပွဲဝင်ခွင့်ပြုပါရန်တင်ပြ တောင်းခံ ခြင်း', 1, '2024-02-02', 'ဇော်လွင်ဦး၊ဥက္ကဋ္ဌ၊  (YRESC)', '', '', 1, 0),
(113, '0000-00-00', '019-YRESC', 'မြင်းစီးအားကစားပြိုင်ပွဲ ရလဒ်နှင့်ပတ်သက်၍ ပြန်လည် ပြင်ဆင်ပေးနိုင်ပါရန်တင်ပြခြင်း', 1, '2024-02-09', 'ဇော်လွင်ဦး၊ဥက္ကဋ္ဌ၊  (YRESC)', '', '', 1, 0),
(114, '0000-00-00', '020-YRESC', 'မြင်းစီးအားကစားပြိုင်ပွဲနှင့်ပတ်သက်၍ အကြံပြုချက်များ ပေးပို့တင်ပြခြင်း', 1, '2024-02-09', 'ဇော်လွင်ဦး၊ဥက္ကဋ္ဌ၊  (YRESC)', '', '', 1, 0),
(115, '0000-00-00', 'ရုံးတွင်းစာ အကျဉ်းချုပ်', 'ဥက္ကဋ္ဌ ၏ လမ်းညွှန်ချက်များကိုဆောင်ရွက်မှုအ‌ခြေအနေ တင်ပြခြင်း', 1, '2024-02-27', 'ဒေါက်တာစိုးထွန်း၊ ရုံးအဖွဲ့မှူး', '', '', 1, 0),
(116, '0000-00-00', 'မရှိ', 'မြန်မာနိုင်ငံမြင်းစီး အားကစားအဖွဲ့ချုပ် မြင်းစီးအားကစား ဖွံ့ဖြိုးတိုးတက်ရေးစင်တာ ဝန်ထမ်းအိမ်ရာလိုင်းခန်းတွင် လိုက်နာရန်စည်းကမ်းချက်များ', 1, '2024-02-28', '', '', '', 1, 0),
(117, '0000-00-00', 'မရှိ', 'MEF EDC MONTHLY REPORT - JANUARY-2024', 1, '2024-02-28', 'ဒေါက်တာစိုးထွန်း၊ အထွေထွေမန်နေဂျာ၊ EDC', '', '', 1, 0),
(118, '0000-00-00', '၀၆၁/စခ/YECC', 'အမှတ်(၂)ဂိတ်ဝင်ပေါက်အား အဝင်/အထွက် ဂိတ်ပေါက် (၂)ခုအဖြစ်ဆောင်ရွက်ခြင်းနှင့် Club House ရှေ့မြက်ခင်းပြင်အား စိမ်းလမ်းစိုပြေစေရေးအတွက် ပြုပြင်ခွင့် တင်ပြခြင်း', 1, '2024-02-27', 'ဇော်လွင်ဦး၊ဥက္ကဋ္ဌ၊  (YECC)', '', '', 1, 0),
(119, '0000-00-00', 'ရုံးတွင်းစာ အကျဉ်းချုပ်', 'ထူးခြားဖြစ်စဉ်တင်ပြခြင်း (မြောက်ဒဂုံမြင်းစီးကွင်းတွင်(၂-၃-၂၀၂၄)ရက်နေ့ ညနေ (၁၆း၃၀) နာရီခန့်တွင်မသင်္ကာဘွယ် ကားနှစ်စီးနှင့်လူငယ် (၅)ဦးကိုတပ်မတော်လုံခြုံရေးစစ်ကြောင်းမှဖမ်းဆီးခေါ်ဆောင်သွားကြောင်းသိရှိရမှု)', 1, '2024-03-02', 'ဒေါက်တာစိုးထွန်း၊ ရုံးအဖွဲ့မှူး', '', '', 1, 0),
(120, '0000-00-00', '၅(၁၂)/ပြည်တွင်း-ပြည်ပ/ဝကရ', '(၇၇)နှစ်မြောက် ပြည်ထောင်စုနေ့အထိမ်းအမှတ်တိုင်းဒေ သကြီးနှင့်ပြည်နယ်များ မြန်မာ့ရိုးရာနှင့် နိုင်ငံတကာ မြင်း စီးအားကစား တံခွန်စိုက်ဖလားပြိုင်ပွဲကျင်းပရန် စီစဉ် ထားရှိမှအားတင်ပြလာခြင်းကိစ္စ', 1, '2024-01-12', 'ဝန်ကြီး၊အားကစားနှင့်လူငယ်ရေးရာဝန်ကြီးဌာန', '', '', 1, 0),
(121, '0000-00-00', '၁၁၆၉/၂၁၃/ယလ', 'ထိုင်းနိုင်ငံတွင်ပြုလုပ်မည့် The CSIJ-B Pattaya 2024 ပြိုင်ပွဲသွားရောက်ယှဉ်ပြိုင်မည်ဖြစ်ကြောင်း သိသာနိုင်ပါ ရန် တင်ပြခြင်းကိစ္စ', 1, '2024-02-07', 'ညွှန်ချုပ်၊၊အားကစားနှင့်လူငယ်ရေးရာဝန်ကြီးဌာန', '', '', 1, 0),
(122, '0000-00-00', 'ရုံးတွင်းစာ အကျဉ်းချုပ်', 'EDC တွင်အစာဂိုဒေါင်ဆောက်လုပ်ရေးနင့် ဝန်ထမ်းနေရာ ချထားရေးအတွက် အထွေထွေအကြံပြုချက်တင်ပြခြင်း', 1, '2024-03-23', 'ဒေါက်တာစိုးထွန်း၊ အထွေထွေမန်နေဂျာ', '69992-81227-69701', '', 1, 1),
(123, '0000-00-00', 'ရုံးတွင်းစာ အကျဉ်းချုပ်', 'Club House နှင့် EDC တွင်ပြုလုပ်ပြီးသောလုပ်ငန်းများ အထွေထွေတင်ပြချက်', 1, '2024-03-23', 'ဒေါက်တာစိုးထွန်း၊ ရုံးအဖွဲ့မှူး', '65342-94902-83090', '', 1, 0);

-- --------------------------------------------------------

--
-- Table structure for table `level_table`
--

CREATE TABLE `level_table` (
  `lvl_id` int(11) NOT NULL,
  `level_id` varchar(60) NOT NULL,
  `description` varchar(200) NOT NULL
) ENGINE=InnoDB DEFAULT CHARSET=utf8mb4 COLLATE=utf8mb4_general_ci;

--
-- Dumping data for table `level_table`
--

INSERT INTO `level_table` (`lvl_id`, `level_id`, `description`) VALUES
(1, '|10', 'Delete'),
(2, '|20', 'Edit and update'),
(3, '|30', 'View PDF'),
(4, '|40', 'Download PDF'),
(5, '|50', 'View Secret File'),
(6, '|60', 'Create User Account'),
(7, '|70', 'Letter Entry');

-- --------------------------------------------------------

--
-- Table structure for table `type_table`
--

CREATE TABLE `type_table` (
  `type_id` int(11) NOT NULL,
  `letter_type` varchar(40) NOT NULL
) ENGINE=InnoDB DEFAULT CHARSET=utf8mb4 COLLATE=utf8mb4_general_ci;

--
-- Dumping data for table `type_table`
--

INSERT INTO `type_table` (`type_id`, `letter_type`) VALUES
(1, 'ဝင်စာ'),
(2, 'ထွက်စာ'),
(3, 'ထွက်စာ-တိုင်စာ');

-- --------------------------------------------------------

--
-- Table structure for table `user_table`
--

CREATE TABLE `user_table` (
  `user_id` int(11) NOT NULL,
  `fullname` varchar(60) NOT NULL,
  `username` varchar(30) NOT NULL,
  `password` varchar(70) NOT NULL,
  `dep` varchar(60) NOT NULL,
  `level_id` varchar(100) NOT NULL,
  `created_date` datetime DEFAULT NULL
) ENGINE=InnoDB DEFAULT CHARSET=utf8mb4 COLLATE=utf8mb4_general_ci;

--
-- Dumping data for table `user_table`
--

INSERT INTO `user_table` (`user_id`, `fullname`, `username`, `password`, `dep`, `level_id`, `created_date`) VALUES
(1, 'Administrator', 'admin', '2e0b20bf0a67391ccc6df39c8f0a0839', 'Admin', '  |10 |20 |30 |40 |50 |60 |70', '2024-04-30 11:57:09'),
(6, 'Thaw Thaw', 'thaw123', '4a0ea15036733ae9cb69fd6cca7bbd3c', 'HR ', '  |10 |20 |30 |40 ', NULL),
(10, 'Popo', 'popo123', 'e54a443cabe111d55487ca7435b01400', 'HR ', '|10 |40 |60', NULL),
(11, 'Win Yu', 'yuyu123', '1173da754b4175e988f160a76b437f84', 'manager', '|50 |40', NULL),
(12, 'winwin', 'winwin', 'd560217b253528b64edafecfab13e357', 'manager', '|70 |40 |20', NULL),
(13, 'plmnji', 'iiyuoyi', '1173da754b4175e988f160a76b437f84', 'Manager', '  |30 |60 |50', NULL);

--
-- Indexes for dumped tables
--

--
-- Indexes for table `letter_table`
--
ALTER TABLE `letter_table`
  ADD PRIMARY KEY (`rec_id`);

--
-- Indexes for table `level_table`
--
ALTER TABLE `level_table`
  ADD PRIMARY KEY (`lvl_id`);

--
-- Indexes for table `type_table`
--
ALTER TABLE `type_table`
  ADD PRIMARY KEY (`type_id`);

--
-- Indexes for table `user_table`
--
ALTER TABLE `user_table`
  ADD PRIMARY KEY (`user_id`);

--
-- AUTO_INCREMENT for dumped tables
--

--
-- AUTO_INCREMENT for table `letter_table`
--
ALTER TABLE `letter_table`
  MODIFY `rec_id` int(11) NOT NULL AUTO_INCREMENT, AUTO_INCREMENT=124;

--
-- AUTO_INCREMENT for table `level_table`
--
ALTER TABLE `level_table`
  MODIFY `lvl_id` int(11) NOT NULL AUTO_INCREMENT, AUTO_INCREMENT=8;

--
-- AUTO_INCREMENT for table `type_table`
--
ALTER TABLE `type_table`
  MODIFY `type_id` int(11) NOT NULL AUTO_INCREMENT, AUTO_INCREMENT=4;

--
-- AUTO_INCREMENT for table `user_table`
--
ALTER TABLE `user_table`
  MODIFY `user_id` int(11) NOT NULL AUTO_INCREMENT, AUTO_INCREMENT=14;
COMMIT;

/*!40101 SET CHARACTER_SET_CLIENT=@OLD_CHARACTER_SET_CLIENT */;
/*!40101 SET CHARACTER_SET_RESULTS=@OLD_CHARACTER_SET_RESULTS */;
/*!40101 SET COLLATION_CONNECTION=@OLD_COLLATION_CONNECTION */;
